{
  "model": "fisheye",
  "image_size": [
    1920,
    1080
  ],
  "K": [
    [
      555.5487955941347,
      0.0,
      916.8744430506857
    ],
    [
      0.0,
      558.164819500914,
      530.8305347738857
    ],
    [
      0.0,
      0.0,
      1.0
    ]
  ],
  "dist": [
    -0.013918317462456392,
    -0.17459449111754916,
    0.2460273731610446,
    -0.15845258468064466
  ],
  "rms_reproj_error": 258.0400755218625,
  "square_size_cm": 3.5,
  "checkerboard": [
    10,
    6
  ],
  "samples": [
    "calib_shots_fisheye\\calib_20250903_154030_000.png",
    "calib_shots_fisheye\\calib_20250903_154031_001.png",
    "calib_shots_fisheye\\calib_20250903_154032_002.png",
    "calib_shots_fisheye\\calib_20250903_154033_003.png",
    "calib_shots_fisheye\\calib_20250903_154034_004.png",
    "calib_shots_fisheye\\calib_20250903_154036_005.png",
    "calib_shots_fisheye\\calib_20250903_154037_006.png",
    "calib_shots_fisheye\\calib_20250903_154038_007.png",
    "calib_shots_fisheye\\calib_20250903_154039_008.png",
    "calib_shots_fisheye\\calib_20250903_154040_009.png",
    "calib_shots_fisheye\\calib_20250903_154041_010.png",
    "calib_shots_fisheye\\calib_20250903_154042_011.png",
    "calib_shots_fisheye\\calib_20250903_154043_012.png",
    "calib_shots_fisheye\\calib_20250903_154044_013.png",
    "calib_shots_fisheye\\calib_20250903_154045_014.png",
    "calib_shots_fisheye\\calib_20250903_154046_015.png",
    "calib_shots_fisheye\\calib_20250903_154047_016.png",
    "calib_shots_fisheye\\calib_20250903_154048_017.png",
    "calib_shots_fisheye\\calib_20250903_154049_018.png",
    "calib_shots_fisheye\\calib_20250903_154050_019.png",
    "calib_shots_fisheye\\calib_20250903_154052_020.png",
    "calib_shots_fisheye\\calib_20250903_154053_021.png",
    "calib_shots_fisheye\\calib_20250903_154054_022.png",
    "calib_shots_fisheye\\calib_20250903_154055_023.png",
    "calib_shots_fisheye\\calib_20250903_154056_024.png",
    "calib_shots_fisheye\\calib_20250903_154057_025.png",
    "calib_shots_fisheye\\calib_20250903_154059_026.png",
    "calib_shots_fisheye\\calib_20250903_154100_027.png",
    "calib_shots_fisheye\\calib_20250903_154101_028.png",
    "calib_shots_fisheye\\calib_20250903_154102_029.png",
    "calib_shots_fisheye\\calib_20250903_154103_030.png",
    "calib_shots_fisheye\\calib_20250903_154104_031.png",
    "calib_shots_fisheye\\calib_20250903_154105_032.png",
    "calib_shots_fisheye\\calib_20250903_154106_033.png",
    "calib_shots_fisheye\\calib_20250903_154107_034.png",
    "calib_shots_fisheye\\calib_20250903_154108_035.png",
    "calib_shots_fisheye\\calib_20250903_154109_036.png",
    "calib_shots_fisheye\\calib_20250903_154110_037.png",
    "calib_shots_fisheye\\calib_20250903_154111_038.png",
    "calib_shots_fisheye\\calib_20250903_154113_039.png",
    "calib_shots_fisheye\\calib_20250903_154114_040.png",
    "calib_shots_fisheye\\calib_20250903_154115_041.png",
    "calib_shots_fisheye\\calib_20250903_154116_042.png",
    "calib_shots_fisheye\\calib_20250903_154117_043.png",
    "calib_shots_fisheye\\calib_20250903_154118_044.png",
    "calib_shots_fisheye\\calib_20250903_154119_045.png",
    "calib_shots_fisheye\\calib_20250903_154120_046.png",
    "calib_shots_fisheye\\calib_20250903_154121_047.png",
    "calib_shots_fisheye\\calib_20250903_154122_048.png",
    "calib_shots_fisheye\\calib_20250903_154123_049.png",
    "calib_shots_fisheye\\calib_20250903_154124_050.png",
    "calib_shots_fisheye\\calib_20250903_154125_051.png",
    "calib_shots_fisheye\\calib_20250903_154126_052.png",
    "calib_shots_fisheye\\calib_20250903_154128_053.png",
    "calib_shots_fisheye\\calib_20250903_154129_054.png",
    "calib_shots_fisheye\\calib_20250903_154130_055.png",
    "calib_shots_fisheye\\calib_20250903_154131_056.png",
    "calib_shots_fisheye\\calib_20250903_154132_057.png",
    "calib_shots_fisheye\\calib_20250903_154133_058.png",
    "calib_shots_fisheye\\calib_20250903_154134_059.png",
    "calib_shots_fisheye\\calib_20250903_154135_060.png",
    "calib_shots_fisheye\\calib_20250903_154136_061.png",
    "calib_shots_fisheye\\calib_20250903_154137_062.png",
    "calib_shots_fisheye\\calib_20250903_154138_063.png",
    "calib_shots_fisheye\\calib_20250903_154139_064.png",
    "calib_shots_fisheye\\calib_20250903_154140_065.png",
    "calib_shots_fisheye\\calib_20250903_154142_066.png",
    "calib_shots_fisheye\\calib_20250903_154144_067.png",
    "calib_shots_fisheye\\calib_20250903_154145_068.png",
    "calib_shots_fisheye\\calib_20250903_154146_069.png",
    "calib_shots_fisheye\\calib_20250903_154147_070.png",
    "calib_shots_fisheye\\calib_20250903_154148_071.png",
    "calib_shots_fisheye\\calib_20250903_154152_072.png",
    "calib_shots_fisheye\\calib_20250903_154154_073.png",
    "calib_shots_fisheye\\calib_20250903_154156_074.png"
  ],
  "flipped_during_capture": false,
  "per_image_error": [
    0.04786468172856915,
    0.03499342693436307,
    0.10677754053334329,
    60.611832752108576,
    0.3419003759736,
    0.1678436793331589,
    0.18973449993095345,
    0.1864894520180826,
    0.3054800216071941,
    0.34374210971602764,
    0.08165283516010814,
    0.043263115205392395,
    0.032092829515335465,
    0.033759974453764455,
    0.09526430853671422,
    0.4201009250870788,
    60.56112487432795,
    71.50593877617231,
    0.14484245552172273,
    0.059492249678721645,
    0.043498235484297945,
    0.05281878423239406,
    0.2862107080688038,
    0.1140432685552297,
    0.09374310326302404,
    0.21066546675404219,
    0.15530547639291703,
    0.08394828261509958,
    0.15805741274822843,
    0.2912631732918131,
    71.51327566837982,
    47.061737692311496,
    0.08536337453698935,
    0.10374455599148713,
    0.1314173550327596,
    0.17425157730911917,
    101.99679718294897,
    67.87330115280416,
    75.60611909904969,
    69.67332144762119,
    71.57758710822233,
    62.57751778995209,
    77.3798202282328,
    58.17759606136469,
    48.569969014001025,
    75.08356976733565,
    30.08655586931952,
    48.51807840489369,
    54.02504511884781,
    72.64774348933135,
    0.34035904448402815,
    0.17780567069749587,
    0.12294380876003877,
    0.12821171757156316,
    0.04072156530621062,
    0.028648662668344125,
    0.025415583523144894,
    0.03897356925495759,
    0.04300047754076429,
    0.053081995676449854,
    0.059820878599985056,
    0.12500785648050863,
    0.048226223298902166,
    0.0304986245494029,
    0.033163120838148714,
    0.04006748581892226,
    0.024405185851077767,
    0.03645848853048648,
    0.061339514179494785,
    0.18185287684522705,
    0.04161473261679953,
    0.12461186946310208,
    0.7783946719544553,
    0.8418587216750688,
    0.4484890055029943
  ]
}