{
  "image_size": [
    1920,
    1080
  ],
  "K": [
    [
      1484.2555010295528,
      0.0,
      992.7004292322687
    ],
    [
      0.0,
      1485.3132987115794,
      571.2104419793986
    ],
    [
      0.0,
      0.0,
      1.0
    ]
  ],
  "dist": [
    -0.25441730900516385,
    0.2826273371967669,
    -0.0007907878569352611,
    -0.0003656682513564249,
    1.5924774998400029,
    0.3251775413490247,
    -0.2819664694715607,
    2.625728323291851,
    0.0,
    0.0,
    0.0,
    0.0,
    0.0,
    0.0
  ],
  "rms_reproj_error": 0.34559265581621085,
  "square_size_cm": 3.5,
  "checkerboard": [
    10,
    6
  ],
  "samples": [
    "calib_shots_NDI\\calib_20250829_103635_000.png",
    "calib_shots_NDI\\calib_20250829_103636_001.png",
    "calib_shots_NDI\\calib_20250829_103637_002.png",
    "calib_shots_NDI\\calib_20250829_103639_003.png",
    "calib_shots_NDI\\calib_20250829_103640_004.png",
    "calib_shots_NDI\\calib_20250829_103641_005.png",
    "calib_shots_NDI\\calib_20250829_103642_006.png",
    "calib_shots_NDI\\calib_20250829_103643_007.png",
    "calib_shots_NDI\\calib_20250829_103644_008.png",
    "calib_shots_NDI\\calib_20250829_103645_009.png",
    "calib_shots_NDI\\calib_20250829_103646_010.png",
    "calib_shots_NDI\\calib_20250829_103647_011.png",
    "calib_shots_NDI\\calib_20250829_103648_012.png",
    "calib_shots_NDI\\calib_20250829_103649_013.png",
    "calib_shots_NDI\\calib_20250829_103650_014.png",
    "calib_shots_NDI\\calib_20250829_103651_015.png",
    "calib_shots_NDI\\calib_20250829_103652_016.png",
    "calib_shots_NDI\\calib_20250829_103654_017.png",
    "calib_shots_NDI\\calib_20250829_103655_018.png",
    "calib_shots_NDI\\calib_20250829_103656_019.png",
    "calib_shots_NDI\\calib_20250829_103657_020.png",
    "calib_shots_NDI\\calib_20250829_103658_021.png",
    "calib_shots_NDI\\calib_20250829_103659_022.png",
    "calib_shots_NDI\\calib_20250829_103700_023.png",
    "calib_shots_NDI\\calib_20250829_103701_024.png",
    "calib_shots_NDI\\calib_20250829_103703_025.png",
    "calib_shots_NDI\\calib_20250829_103704_026.png",
    "calib_shots_NDI\\calib_20250829_103705_027.png",
    "calib_shots_NDI\\calib_20250829_103706_028.png",
    "calib_shots_NDI\\calib_20250829_103707_029.png",
    "calib_shots_NDI\\calib_20250829_103708_030.png",
    "calib_shots_NDI\\calib_20250829_103710_031.png",
    "calib_shots_NDI\\calib_20250829_103711_032.png",
    "calib_shots_NDI\\calib_20250829_103712_033.png",
    "calib_shots_NDI\\calib_20250829_103713_034.png",
    "calib_shots_NDI\\calib_20250829_103714_035.png",
    "calib_shots_NDI\\calib_20250829_103715_036.png",
    "calib_shots_NDI\\calib_20250829_103716_037.png",
    "calib_shots_NDI\\calib_20250829_103718_038.png",
    "calib_shots_NDI\\calib_20250829_103719_039.png",
    "calib_shots_NDI\\calib_20250829_103720_040.png",
    "calib_shots_NDI\\calib_20250829_103721_041.png",
    "calib_shots_NDI\\calib_20250829_103722_042.png",
    "calib_shots_NDI\\calib_20250829_103723_043.png",
    "calib_shots_NDI\\calib_20250829_103724_044.png",
    "calib_shots_NDI\\calib_20250829_103725_045.png",
    "calib_shots_NDI\\calib_20250829_103726_046.png",
    "calib_shots_NDI\\calib_20250829_103727_047.png",
    "calib_shots_NDI\\calib_20250829_103728_048.png",
    "calib_shots_NDI\\calib_20250829_103729_049.png",
    "calib_shots_NDI\\calib_20250829_103730_050.png",
    "calib_shots_NDI\\calib_20250829_103731_051.png",
    "calib_shots_NDI\\calib_20250829_103732_052.png",
    "calib_shots_NDI\\calib_20250829_103733_053.png",
    "calib_shots_NDI\\calib_20250829_103735_054.png",
    "calib_shots_NDI\\calib_20250829_103736_055.png",
    "calib_shots_NDI\\calib_20250829_103737_056.png",
    "calib_shots_NDI\\calib_20250829_103738_057.png",
    "calib_shots_NDI\\calib_20250829_103739_058.png",
    "calib_shots_NDI\\calib_20250829_103740_059.png",
    "calib_shots_NDI\\calib_20250829_103741_060.png",
    "calib_shots_NDI\\calib_20250829_103742_061.png",
    "calib_shots_NDI\\calib_20250829_103743_062.png",
    "calib_shots_NDI\\calib_20250829_103744_063.png",
    "calib_shots_NDI\\calib_20250829_103745_064.png",
    "calib_shots_NDI\\calib_20250829_103746_065.png",
    "calib_shots_NDI\\calib_20250829_103747_066.png",
    "calib_shots_NDI\\calib_20250829_103748_067.png",
    "calib_shots_NDI\\calib_20250829_103749_068.png",
    "calib_shots_NDI\\calib_20250829_103750_069.png",
    "calib_shots_NDI\\calib_20250829_103752_070.png",
    "calib_shots_NDI\\calib_20250829_103753_071.png",
    "calib_shots_NDI\\calib_20250829_103754_072.png",
    "calib_shots_NDI\\calib_20250829_103755_073.png",
    "calib_shots_NDI\\calib_20250829_103756_074.png",
    "calib_shots_NDI\\calib_20250829_103757_075.png",
    "calib_shots_NDI\\calib_20250829_103758_076.png",
    "calib_shots_NDI\\calib_20250829_103759_077.png",
    "calib_shots_NDI\\calib_20250829_103801_078.png",
    "calib_shots_NDI\\calib_20250829_103802_079.png"
  ],
  "flipped_during_capture": false,
  "per_image_error": [
    0.09264568725425047,
    0.12286309320732491,
    0.07209729835444684,
    0.060356586831673956,
    0.054305580415143,
    0.041740935190378456,
    0.04185218380797696,
    0.032436157555454405,
    0.03041844475376038,
    0.023861435522088078,
    0.020063541117026074,
    0.019498817417476992,
    0.01827000205867916,
    0.03229008872733078,
    0.02847256290807741,
    0.024315444013578585,
    0.021395268375224052,
    0.017512811676653042,
    0.0181502123923302,
    0.01652826701746828,
    0.0130152190144672,
    0.02023669555651909,
    0.02012903178988117,
    0.023594439599872903,
    0.029181144177221358,
    0.02543862567348304,
    0.03827396171254349,
    0.016270531850272402,
    0.015796230082737443,
    0.01390825773872529,
    0.013888096576722917,
    0.011320797790405561,
    0.008784305689291283,
    0.010085685916711658,
    0.010917344188246702,
    0.014659221361989765,
    0.015896722282927763,
    0.015106930913114288,
    0.01389385582954953,
    0.01457268486326846,
    0.0151478626903858,
    0.011545162546480968,
    0.01366343699541167,
    0.009136272011589739,
    0.010483661573882553,
    0.0217563422632984,
    0.014224419907239763,
    0.014895110549041475,
    0.014360291158676007,
    0.022486478512909205,
    0.024047407860489662,
    0.01690539589214661,
    0.01643082115743155,
    0.01718292157285762,
    0.02066945328270871,
    0.020364735510333545,
    0.017602427094694676,
    0.013143198750098985,
    0.01854342564326714,
    0.01514458871730959,
    0.013239544558149413,
    0.01462579132536087,
    0.015001126511441625,
    0.01652228519956492,
    0.01779730382545093,
    0.019250250282837555,
    0.018911037710969948,
    0.020451291623450215,
    0.018828687637885255,
    0.01878476115817736,
    0.014036159789241312,
    0.014713276010960097,
    0.012878300263633808,
    0.017316457414099116,
    0.018303142776081454,
    0.019366274397793634,
    0.016992793334636002,
    0.018676358499531462,
    0.3075207510419879,
    0.01851964700176063
  ]
}