{
  "image_size": [
    1920,
    1080
  ],
  "K": [
    [
      1334.6627060856615,
      0.0,
      867.5925636544262
    ],
    [
      0.0,
      1325.2359504663775,
      446.8079167109334
    ],
    [
      0.0,
      0.0,
      1.0
    ]
  ],
  "dist": [
    -8.399472190599798,
    26.378518649780943,
    -0.022914682157479927,
    -0.01762366031940037,
    -20.576339539442674,
    -8.378256821112561,
    26.2698949261832,
    -20.324088858281723,
    0.0,
    0.0,
    0.0,
    0.0,
    0.0,
    0.0
  ],
  "rms_reproj_error": 1.0183052553958452,
  "square_size_cm": 2.5,
  "checkerboard": [
    9,
    5
  ],
  "samples": [
    "calib_shots_cam2\\calib_20250826_105020_001.png",
    "calib_shots_cam2\\calib_20250826_105021_002.png",
    "calib_shots_cam2\\calib_20250826_105023_003.png",
    "calib_shots_cam2\\calib_20250826_105024_004.png",
    "calib_shots_cam2\\calib_20250826_105025_005.png",
    "calib_shots_cam2\\calib_20250826_105026_006.png",
    "calib_shots_cam2\\calib_20250826_105027_007.png",
    "calib_shots_cam2\\calib_20250826_105028_008.png",
    "calib_shots_cam2\\calib_20250826_105029_009.png",
    "calib_shots_cam2\\calib_20250826_105031_010.png",
    "calib_shots_cam2\\calib_20250826_105032_011.png",
    "calib_shots_cam2\\calib_20250826_105033_012.png",
    "calib_shots_cam2\\calib_20250826_105034_013.png",
    "calib_shots_cam2\\calib_20250826_105036_015.png",
    "calib_shots_cam2\\calib_20250826_105037_016.png",
    "calib_shots_cam2\\calib_20250826_105047_024.png",
    "calib_shots_cam2\\calib_20250826_105048_025.png",
    "calib_shots_cam2\\calib_20250826_105051_027.png",
    "calib_shots_cam2\\calib_20250826_105052_028.png",
    "calib_shots_cam2\\calib_20250826_105053_029.png",
    "calib_shots_cam2\\calib_20250826_105054_030.png",
    "calib_shots_cam2\\calib_20250826_105055_031.png",
    "calib_shots_cam2\\calib_20250826_105056_032.png",
    "calib_shots_cam2\\calib_20250826_105057_033.png",
    "calib_shots_cam2\\calib_20250826_105058_034.png",
    "calib_shots_cam2\\calib_20250826_105059_035.png",
    "calib_shots_cam2\\calib_20250826_105101_036.png"
  ],
  "flipped_during_capture": false,
  "per_image_error": [
    0.1354239385777051,
    0.11819398575659032,
    0.12996460653053518,
    0.12709890705646862,
    0.1372032395299785,
    0.1255214697924433,
    0.1103267639667365,
    0.10287878280976093,
    0.14462515847069835,
    0.1838857390507574,
    0.2280032381735923,
    0.161951746023142,
    0.19363448771971256,
    0.20062790149837373,
    0.1521233326574591,
    0.18616476402780732,
    0.23933330829047866,
    0.1094810535469815,
    0.12988313983835972,
    0.17950721986096363,
    0.14168761971437835,
    0.1449114935003407,
    0.1488891828848022,
    0.1081509329322098,
    0.1124790732748584,
    0.1023861014532412,
    0.12064334157478006
  ]
}