{
  "image_size": [
    640,
    480
  ],
  "K": [
    [
      653.0898210152325,
      0.0,
      240.77055250808277
    ],
    [
      0.0,
      635.6262491422502,
      229.9666770934463
    ],
    [
      0.0,
      0.0,
      1.0
    ]
  ],
  "dist": [
    -11.54199011955176,
    0.41673495286402484,
    -0.01693902853280457,
    -0.02786269778212353,
    225.02533037570046,
    -11.510346248913276,
    -0.06880313719137698,
    226.8940341365824,
    0.0,
    0.0,
    0.0,
    0.0,
    0.0,
    0.0
  ],
  "rms_reproj_error": 4.000618748329594,
  "square_size_cm": 2.5,
  "checkerboard": [
    9,
    5
  ],
  "samples": [
    "calib_shots\\calib_20250826_103350_000.png",
    "calib_shots\\calib_20250826_103351_001.png",
    "calib_shots\\calib_20250826_103352_002.png",
    "calib_shots\\calib_20250826_103353_003.png",
    "calib_shots\\calib_20250826_103354_004.png",
    "calib_shots\\calib_20250826_103355_005.png",
    "calib_shots\\calib_20250826_103356_006.png",
    "calib_shots\\calib_20250826_103357_007.png",
    "calib_shots\\calib_20250826_103358_008.png",
    "calib_shots\\calib_20250826_103359_009.png",
    "calib_shots\\calib_20250826_103400_010.png",
    "calib_shots\\calib_20250826_103401_011.png",
    "calib_shots\\calib_20250826_103402_012.png",
    "calib_shots\\calib_20250826_103403_013.png",
    "calib_shots\\calib_20250826_103405_014.png",
    "calib_shots\\calib_20250826_103406_015.png",
    "calib_shots\\calib_20250826_103408_016.png",
    "calib_shots\\calib_20250826_103409_017.png",
    "calib_shots\\calib_20250826_103411_018.png",
    "calib_shots\\calib_20250826_103412_019.png",
    "calib_shots\\calib_20250826_103413_020.png",
    "calib_shots\\calib_20250826_103414_021.png",
    "calib_shots\\calib_20250826_103415_022.png",
    "calib_shots\\calib_20250826_103416_023.png",
    "calib_shots\\calib_20250826_103417_024.png",
    "calib_shots\\calib_20250826_103418_025.png",
    "calib_shots\\calib_20250826_103419_026.png",
    "calib_shots\\calib_20250826_103420_027.png",
    "calib_shots\\calib_20250826_103421_028.png",
    "calib_shots\\calib_20250826_103422_029.png",
    "calib_shots\\calib_20250826_103423_030.png",
    "calib_shots\\calib_20250826_103424_031.png",
    "calib_shots\\calib_20250826_103425_032.png",
    "calib_shots\\calib_20250826_103426_033.png",
    "calib_shots\\calib_20250826_103427_034.png",
    "calib_shots\\calib_20250826_103428_035.png",
    "calib_shots\\calib_20250826_103430_036.png",
    "calib_shots\\calib_20250826_103431_037.png",
    "calib_shots\\calib_20250826_103432_038.png",
    "calib_shots\\calib_20250826_103433_039.png",
    "calib_shots\\calib_20250826_103434_040.png",
    "calib_shots\\calib_20250826_103435_041.png",
    "calib_shots\\calib_20250826_103436_042.png",
    "calib_shots\\calib_20250826_103437_043.png",
    "calib_shots\\calib_20250826_103438_044.png",
    "calib_shots\\calib_20250826_103439_045.png",
    "calib_shots\\calib_20250826_103440_046.png",
    "calib_shots\\calib_20250826_103441_047.png",
    "calib_shots\\calib_20250826_103442_048.png",
    "calib_shots\\calib_20250826_103443_049.png",
    "calib_shots\\calib_20250826_103444_050.png",
    "calib_shots\\calib_20250826_103445_051.png",
    "calib_shots\\calib_20250826_103446_052.png",
    "calib_shots\\calib_20250826_103447_053.png",
    "calib_shots\\calib_20250826_103448_054.png",
    "calib_shots\\calib_20250826_103449_055.png",
    "calib_shots\\calib_20250826_103450_056.png",
    "calib_shots\\calib_20250826_103451_057.png",
    "calib_shots\\calib_20250826_103452_058.png",
    "calib_shots\\calib_20250826_103453_059.png",
    "calib_shots\\calib_20250826_103454_060.png",
    "calib_shots\\calib_20250826_103455_061.png",
    "calib_shots\\calib_20250826_103456_062.png",
    "calib_shots\\calib_20250826_103457_063.png",
    "calib_shots\\calib_20250826_103458_064.png",
    "calib_shots\\calib_20250826_103459_065.png",
    "calib_shots\\calib_20250826_103500_066.png",
    "calib_shots\\calib_20250826_103501_067.png",
    "calib_shots\\calib_20250826_103502_068.png",
    "calib_shots\\calib_20250826_103503_069.png",
    "calib_shots\\calib_20250826_103504_070.png",
    "calib_shots\\calib_20250826_103505_071.png",
    "calib_shots\\calib_20250826_103506_072.png",
    "calib_shots\\calib_20250826_103507_073.png",
    "calib_shots\\calib_20250826_103508_074.png",
    "calib_shots\\calib_20250826_103509_075.png",
    "calib_shots\\calib_20250826_103510_076.png",
    "calib_shots\\calib_20250826_103511_077.png",
    "calib_shots\\calib_20250826_103512_078.png",
    "calib_shots\\calib_20250826_103513_079.png"
  ],
  "flipped_during_capture": false
}