{
  "image_size": [
    1920,
    1080
  ],
  "K": [
    [
      1334.6630582412477,
      0.0,
      1051.4080249530282
    ],
    [
      0.0,
      1325.2361373825652,
      632.1915393887406
    ],
    [
      0.0,
      0.0,
      1.0
    ]
  ],
  "dist": [
    -8.399348247102354,
    26.37782166752455,
    0.02291452685046194,
    0.01762381677072019,
    -20.575609129846935,
    -8.378131845617938,
    26.269193438515824,
    -20.323355119487555,
    0.0,
    0.0,
    0.0,
    0.0,
    0.0,
    0.0
  ],
  "rms_reproj_error": 1.0183067230013405,
  "square_size_cm": 2.5,
  "checkerboard": [
    9,
    5
  ],
  "samples": [
    "calib_shots_1080\\calib_20250826_105020_001.png",
    "calib_shots_1080\\calib_20250826_105021_002.png",
    "calib_shots_1080\\calib_20250826_105023_003.png",
    "calib_shots_1080\\calib_20250826_105024_004.png",
    "calib_shots_1080\\calib_20250826_105025_005.png",
    "calib_shots_1080\\calib_20250826_105026_006.png",
    "calib_shots_1080\\calib_20250826_105027_007.png",
    "calib_shots_1080\\calib_20250826_105028_008.png",
    "calib_shots_1080\\calib_20250826_105029_009.png",
    "calib_shots_1080\\calib_20250826_105031_010.png",
    "calib_shots_1080\\calib_20250826_105032_011.png",
    "calib_shots_1080\\calib_20250826_105033_012.png",
    "calib_shots_1080\\calib_20250826_105034_013.png",
    "calib_shots_1080\\calib_20250826_105036_015.png",
    "calib_shots_1080\\calib_20250826_105037_016.png",
    "calib_shots_1080\\calib_20250826_105047_024.png",
    "calib_shots_1080\\calib_20250826_105048_025.png",
    "calib_shots_1080\\calib_20250826_105051_027.png",
    "calib_shots_1080\\calib_20250826_105052_028.png",
    "calib_shots_1080\\calib_20250826_105053_029.png",
    "calib_shots_1080\\calib_20250826_105054_030.png",
    "calib_shots_1080\\calib_20250826_105055_031.png",
    "calib_shots_1080\\calib_20250826_105056_032.png",
    "calib_shots_1080\\calib_20250826_105057_033.png",
    "calib_shots_1080\\calib_20250826_105058_034.png",
    "calib_shots_1080\\calib_20250826_105059_035.png",
    "calib_shots_1080\\calib_20250826_105101_036.png"
  ],
  "flipped_during_capture": true,
  "per_image_error": [
    0.13542442065913773,
    0.11819302866409107,
    0.12996688952685,
    0.12709912311021665,
    0.1372022857120214,
    0.1255214880941903,
    0.11032790558622084,
    0.10287824781191171,
    0.14462556364295576,
    0.1838852398666976,
    0.22800187408875863,
    0.16195329666658217,
    0.19363577175641183,
    0.20062680888431506,
    0.15212389209590277,
    0.18616826100136943,
    0.23933371686147262,
    0.1094827210997049,
    0.1298817351631278,
    0.1795079288308232,
    0.14168846367380547,
    0.14491196632594802,
    0.14888632399947774,
    0.10815072671957421,
    0.11247882806220656,
    0.1023860210863745,
    0.12064397175982756
  ]
}