{
  "image_size": [
    1920,
    1080
  ],
  "K": [
    [
      708.8431445465689,
      0.0,
      936.1930746319299
    ],
    [
      0.0,
      731.2475529771951,
      564.8786196021596
    ],
    [
      0.0,
      0.0,
      1.0
    ]
  ],
  "dist": [
    -0.0195195258508283,
    0.0032617398586231605,
    0.01912764606878271,
    0.01340953904987185,
    -0.00042887236955689665,
    0.02039891929151914,
    -0.002830857461264687,
    0.000742727979350941,
    0.0,
    0.0,
    0.0,
    0.0,
    0.0,
    0.0
  ],
  "rms_reproj_error": 4.251839949260026,
  "square_size_cm": 2.5,
  "checkerboard": [
    9,
    5
  ],
  "samples": [
    "calib_shots\\calib_20250825_160915_000.png",
    "calib_shots\\calib_20250825_160916_001.png",
    "calib_shots\\calib_20250825_160918_002.png",
    "calib_shots\\calib_20250825_160919_003.png",
    "calib_shots\\calib_20250825_160920_004.png",
    "calib_shots\\calib_20250825_160921_005.png",
    "calib_shots\\calib_20250825_160922_006.png",
    "calib_shots\\calib_20250825_160923_007.png",
    "calib_shots\\calib_20250825_160924_008.png",
    "calib_shots\\calib_20250825_160925_009.png",
    "calib_shots\\calib_20250825_160927_010.png",
    "calib_shots\\calib_20250825_160928_011.png",
    "calib_shots\\calib_20250825_160929_012.png",
    "calib_shots\\calib_20250825_160930_013.png",
    "calib_shots\\calib_20250825_160931_014.png",
    "calib_shots\\calib_20250825_160932_015.png",
    "calib_shots\\calib_20250825_160933_016.png",
    "calib_shots\\calib_20250825_160934_017.png",
    "calib_shots\\calib_20250825_160935_018.png",
    "calib_shots\\calib_20250825_160936_019.png",
    "calib_shots\\calib_20250825_160937_020.png",
    "calib_shots\\calib_20250825_160938_021.png",
    "calib_shots\\calib_20250825_160939_022.png",
    "calib_shots\\calib_20250825_160940_023.png",
    "calib_shots\\calib_20250825_160942_024.png",
    "calib_shots\\calib_20250825_160947_025.png",
    "calib_shots\\calib_20250825_160948_026.png",
    "calib_shots\\calib_20250825_160949_027.png",
    "calib_shots\\calib_20250825_160951_029.png",
    "calib_shots\\calib_20250825_160952_030.png",
    "calib_shots\\calib_20250825_160953_031.png",
    "calib_shots\\calib_20250825_160954_032.png",
    "calib_shots\\calib_20250825_160956_033.png",
    "calib_shots\\calib_20250825_160957_034.png",
    "calib_shots\\calib_20250825_160958_035.png",
    "calib_shots\\calib_20250825_160959_036.png",
    "calib_shots\\calib_20250825_161000_037.png",
    "calib_shots\\calib_20250825_161001_038.png",
    "calib_shots\\calib_20250825_161002_039.png",
    "calib_shots\\calib_20250825_161003_040.png",
    "calib_shots\\calib_20250825_161004_041.png",
    "calib_shots\\calib_20250825_161005_042.png",
    "calib_shots\\calib_20250825_161006_043.png",
    "calib_shots\\calib_20250825_161008_044.png",
    "calib_shots\\calib_20250825_161009_045.png",
    "calib_shots\\calib_20250825_161030_048.png",
    "calib_shots\\calib_20250825_161031_049.png",
    "calib_shots\\calib_20250825_161032_050.png",
    "calib_shots\\calib_20250825_161034_051.png",
    "calib_shots\\calib_20250825_161036_053.png",
    "calib_shots\\calib_20250825_161039_055.png",
    "calib_shots\\calib_20250825_161043_057.png",
    "calib_shots\\calib_20250825_161044_058.png",
    "calib_shots\\calib_20250825_161048_060.png",
    "calib_shots\\calib_20250825_161051_061.png",
    "calib_shots\\calib_20250825_161052_062.png",
    "calib_shots\\calib_20250825_161058_066.png",
    "calib_shots\\calib_20250825_161115_068.png",
    "calib_shots\\calib_20250825_161118_070.png",
    "calib_shots\\calib_20250825_161121_072.png",
    "calib_shots\\calib_20250825_161123_073.png",
    "calib_shots\\calib_20250825_161125_074.png",
    "calib_shots\\calib_20250825_161126_075.png",
    "calib_shots\\calib_20250825_161128_076.png",
    "calib_shots\\calib_20250825_161129_077.png",
    "calib_shots\\calib_20250825_161130_078.png",
    "calib_shots\\calib_20250825_161131_079.png"
  ],
  "flipped_during_capture": true
}