{
  "model": "pinhole",
  "image_size": [
    1920,
    1080
  ],
  "K": [
    [
      1843.589093203265,
      0.0,
      967.7551552735889
    ],
    [
      0.0,
      1652.3565121408863,
      451.36783625032865
    ],
    [
      0.0,
      0.0,
      1.0
    ]
  ],
  "dist": [
    -2.641086449670578,
    14.596686838822434,
    0.10270378307769829,
    -0.017215260237050903,
    -32.79456859269072
  ],
  "rms_reproj_error": 4.959384143068965,
  "square_size_cm": 3.5,
  "checkerboard": [
    10,
    6
  ],
  "samples": [
    "calib_shots_fisheye\\calib_20250903_160740_000.png",
    "calib_shots_fisheye\\calib_20250903_160742_001.png",
    "calib_shots_fisheye\\calib_20250903_160743_002.png",
    "calib_shots_fisheye\\calib_20250903_160744_003.png",
    "calib_shots_fisheye\\calib_20250903_160745_004.png",
    "calib_shots_fisheye\\calib_20250903_160746_005.png",
    "calib_shots_fisheye\\calib_20250903_160747_006.png",
    "calib_shots_fisheye\\calib_20250903_160748_007.png",
    "calib_shots_fisheye\\calib_20250903_160749_008.png",
    "calib_shots_fisheye\\calib_20250903_160750_009.png",
    "calib_shots_fisheye\\calib_20250903_160751_010.png",
    "calib_shots_fisheye\\calib_20250903_160753_011.png",
    "calib_shots_fisheye\\calib_20250903_160756_012.png",
    "calib_shots_fisheye\\calib_20250903_160757_013.png",
    "calib_shots_fisheye\\calib_20250903_160759_014.png",
    "calib_shots_fisheye\\calib_20250903_160800_015.png",
    "calib_shots_fisheye\\calib_20250903_160802_016.png",
    "calib_shots_fisheye\\calib_20250903_160803_017.png",
    "calib_shots_fisheye\\calib_20250903_160804_018.png",
    "calib_shots_fisheye\\calib_20250903_160805_019.png",
    "calib_shots_fisheye\\calib_20250903_160807_020.png",
    "calib_shots_fisheye\\calib_20250903_160808_021.png",
    "calib_shots_fisheye\\calib_20250903_160809_022.png",
    "calib_shots_fisheye\\calib_20250903_160811_023.png",
    "calib_shots_fisheye\\calib_20250903_160812_024.png",
    "calib_shots_fisheye\\calib_20250903_160813_025.png",
    "calib_shots_fisheye\\calib_20250903_160814_026.png",
    "calib_shots_fisheye\\calib_20250903_160815_027.png",
    "calib_shots_fisheye\\calib_20250903_160817_028.png",
    "calib_shots_fisheye\\calib_20250903_160818_029.png",
    "calib_shots_fisheye\\calib_20250903_160819_030.png",
    "calib_shots_fisheye\\calib_20250903_160827_031.png",
    "calib_shots_fisheye\\calib_20250903_160828_032.png",
    "calib_shots_fisheye\\calib_20250903_160829_033.png",
    "calib_shots_fisheye\\calib_20250903_160831_034.png",
    "calib_shots_fisheye\\calib_20250903_160832_035.png",
    "calib_shots_fisheye\\calib_20250903_160833_036.png",
    "calib_shots_fisheye\\calib_20250903_160835_037.png",
    "calib_shots_fisheye\\calib_20250903_160840_038.png",
    "calib_shots_fisheye\\calib_20250903_160841_039.png",
    "calib_shots_fisheye\\calib_20250903_160843_040.png",
    "calib_shots_fisheye\\calib_20250903_160844_041.png",
    "calib_shots_fisheye\\calib_20250903_160846_042.png",
    "calib_shots_fisheye\\calib_20250903_160847_043.png",
    "calib_shots_fisheye\\calib_20250903_160848_044.png",
    "calib_shots_fisheye\\calib_20250903_160849_045.png",
    "calib_shots_fisheye\\calib_20250903_160850_046.png",
    "calib_shots_fisheye\\calib_20250903_160851_047.png",
    "calib_shots_fisheye\\calib_20250903_160854_048.png",
    "calib_shots_fisheye\\calib_20250903_160855_049.png",
    "calib_shots_fisheye\\calib_20250903_160856_050.png",
    "calib_shots_fisheye\\calib_20250903_160857_051.png",
    "calib_shots_fisheye\\calib_20250903_160858_052.png",
    "calib_shots_fisheye\\calib_20250903_160859_053.png",
    "calib_shots_fisheye\\calib_20250903_160900_054.png",
    "calib_shots_fisheye\\calib_20250903_160901_055.png",
    "calib_shots_fisheye\\calib_20250903_160902_056.png",
    "calib_shots_fisheye\\calib_20250903_160903_057.png",
    "calib_shots_fisheye\\calib_20250903_160904_058.png",
    "calib_shots_fisheye\\calib_20250903_160905_059.png",
    "calib_shots_fisheye\\calib_20250903_160906_060.png",
    "calib_shots_fisheye\\calib_20250903_160907_061.png",
    "calib_shots_fisheye\\calib_20250903_160909_062.png",
    "calib_shots_fisheye\\calib_20250903_160910_063.png",
    "calib_shots_fisheye\\calib_20250903_160911_064.png",
    "calib_shots_fisheye\\calib_20250903_160912_065.png",
    "calib_shots_fisheye\\calib_20250903_160913_066.png",
    "calib_shots_fisheye\\calib_20250903_160914_067.png",
    "calib_shots_fisheye\\calib_20250903_160915_068.png",
    "calib_shots_fisheye\\calib_20250903_160916_069.png",
    "calib_shots_fisheye\\calib_20250903_160917_070.png",
    "calib_shots_fisheye\\calib_20250903_160918_071.png",
    "calib_shots_fisheye\\calib_20250903_160919_072.png",
    "calib_shots_fisheye\\calib_20250903_160920_073.png",
    "calib_shots_fisheye\\calib_20250903_160921_074.png",
    "calib_shots_fisheye\\calib_20250903_160923_075.png",
    "calib_shots_fisheye\\calib_20250903_160924_076.png",
    "calib_shots_fisheye\\calib_20250903_160925_077.png",
    "calib_shots_fisheye\\calib_20250903_160926_078.png"
  ],
  "flipped_during_capture": false,
  "per_image_error": [
    0.32587270266384233,
    0.15344839341240343,
    0.20981082915472754,
    0.23010991655862537,
    0.49682241749965655,
    1.3310173857268914,
    0.5308881348280284,
    0.06404436521365563,
    0.28997932505876484,
    0.07582593994608294,
    0.15554729640253803,
    0.08556974885328071,
    0.10208869827783482,
    0.10448762253400048,
    0.1316752035458453,
    0.1921805510082665,
    0.2033875146595257,
    0.5862155029619969,
    0.6016589914244247,
    0.647849065021449,
    0.6041685481888153,
    0.7288300949011429,
    0.2603415189837176,
    0.2205993658178752,
    0.20471028452645532,
    0.22686427831514752,
    0.25815347016381085,
    0.31575569822043714,
    0.23894444397236841,
    0.17888400719779954,
    0.4507689090029315,
    0.4793147078641269,
    0.5072865979325744,
    0.4781946926370716,
    0.590815293158078,
    0.4302430897730051,
    0.5181572091674412,
    0.5396565170776638,
    0.5102160336191424,
    0.36018842252436456,
    0.3687617952596734,
    0.3800680129869306,
    0.47483747264001147,
    0.3664196140453914,
    0.3783800307695893,
    0.33898603636143865,
    0.3059981456853851,
    0.3126527133136922,
    0.29249493020630296,
    0.28601649967400417,
    0.31145022652269133,
    0.34425124311731303,
    0.38141030846656526,
    0.3559412351137529,
    0.28436811190849026,
    0.22798577333845796,
    0.24041536019963414,
    0.28378055415832615,
    0.27722427404091105,
    0.3690398829528872,
    0.4021101917188616,
    0.7580399820175036,
    0.9488004025263908,
    1.1315311131812122,
    1.501893049985139,
    1.9268229435997248,
    2.198569021300773,
    2.189220224133638,
    1.3057687092741237,
    1.1884141680988698,
    0.37283387914804345,
    0.361494607707658,
    0.5159860646031559,
    0.10737580480440946,
    0.05792740621567106,
    0.04715575791140394,
    0.039619708000869704,
    0.3779465444005179,
    0.4118311733077545
  ]
}