{
  "image_size": [
    1920,
    1080
  ],
  "K": [
    [
      1439.5281837058503,
      0.0,
      993.5112880134405
    ],
    [
      0.0,
      1440.5393940007416,
      571.1158874076441
    ],
    [
      0.0,
      0.0,
      1.0
    ]
  ],
  "dist": [
    -0.5068284643032043,
    0.3619438842202265,
    -0.000853675107621207,
    -0.0014408875323691035,
    -0.18805577426703715
  ],
  "rms_reproj_error": 0.3307537227266225,
  "square_size_cm": 3.5,
  "checkerboard": [
    10,
    6
  ],
  "samples": [
    "calib_shots_NDI\\calib_20250829_103635_000.png",
    "calib_shots_NDI\\calib_20250829_103636_001.png",
    "calib_shots_NDI\\calib_20250829_103637_002.png",
    "calib_shots_NDI\\calib_20250829_103639_003.png",
    "calib_shots_NDI\\calib_20250829_103640_004.png",
    "calib_shots_NDI\\calib_20250829_103641_005.png",
    "calib_shots_NDI\\calib_20250829_103642_006.png",
    "calib_shots_NDI\\calib_20250829_103643_007.png",
    "calib_shots_NDI\\calib_20250829_103644_008.png",
    "calib_shots_NDI\\calib_20250829_103645_009.png",
    "calib_shots_NDI\\calib_20250829_103646_010.png",
    "calib_shots_NDI\\calib_20250829_103647_011.png",
    "calib_shots_NDI\\calib_20250829_103648_012.png",
    "calib_shots_NDI\\calib_20250829_103649_013.png",
    "calib_shots_NDI\\calib_20250829_103650_014.png",
    "calib_shots_NDI\\calib_20250829_103651_015.png",
    "calib_shots_NDI\\calib_20250829_103652_016.png",
    "calib_shots_NDI\\calib_20250829_103654_017.png",
    "calib_shots_NDI\\calib_20250829_103655_018.png",
    "calib_shots_NDI\\calib_20250829_103656_019.png",
    "calib_shots_NDI\\calib_20250829_103657_020.png",
    "calib_shots_NDI\\calib_20250829_103658_021.png",
    "calib_shots_NDI\\calib_20250829_103659_022.png",
    "calib_shots_NDI\\calib_20250829_103700_023.png",
    "calib_shots_NDI\\calib_20250829_103701_024.png",
    "calib_shots_NDI\\calib_20250829_103703_025.png",
    "calib_shots_NDI\\calib_20250829_103704_026.png",
    "calib_shots_NDI\\calib_20250829_103705_027.png",
    "calib_shots_NDI\\calib_20250829_103706_028.png",
    "calib_shots_NDI\\calib_20250829_103707_029.png",
    "calib_shots_NDI\\calib_20250829_103708_030.png",
    "calib_shots_NDI\\calib_20250829_103710_031.png",
    "calib_shots_NDI\\calib_20250829_103711_032.png",
    "calib_shots_NDI\\calib_20250829_103712_033.png",
    "calib_shots_NDI\\calib_20250829_103713_034.png",
    "calib_shots_NDI\\calib_20250829_103714_035.png",
    "calib_shots_NDI\\calib_20250829_103715_036.png",
    "calib_shots_NDI\\calib_20250829_103716_037.png",
    "calib_shots_NDI\\calib_20250829_103718_038.png",
    "calib_shots_NDI\\calib_20250829_103719_039.png",
    "calib_shots_NDI\\calib_20250829_103720_040.png",
    "calib_shots_NDI\\calib_20250829_103721_041.png",
    "calib_shots_NDI\\calib_20250829_103722_042.png",
    "calib_shots_NDI\\calib_20250829_103723_043.png",
    "calib_shots_NDI\\calib_20250829_103724_044.png",
    "calib_shots_NDI\\calib_20250829_103725_045.png",
    "calib_shots_NDI\\calib_20250829_103726_046.png",
    "calib_shots_NDI\\calib_20250829_103727_047.png",
    "calib_shots_NDI\\calib_20250829_103728_048.png",
    "calib_shots_NDI\\calib_20250829_103729_049.png",
    "calib_shots_NDI\\calib_20250829_103730_050.png",
    "calib_shots_NDI\\calib_20250829_103731_051.png",
    "calib_shots_NDI\\calib_20250829_103732_052.png",
    "calib_shots_NDI\\calib_20250829_103733_053.png",
    "calib_shots_NDI\\calib_20250829_103735_054.png",
    "calib_shots_NDI\\calib_20250829_103736_055.png",
    "calib_shots_NDI\\calib_20250829_103737_056.png",
    "calib_shots_NDI\\calib_20250829_103738_057.png",
    "calib_shots_NDI\\calib_20250829_103739_058.png",
    "calib_shots_NDI\\calib_20250829_103740_059.png",
    "calib_shots_NDI\\calib_20250829_103741_060.png",
    "calib_shots_NDI\\calib_20250829_103742_061.png",
    "calib_shots_NDI\\calib_20250829_103743_062.png",
    "calib_shots_NDI\\calib_20250829_103744_063.png",
    "calib_shots_NDI\\calib_20250829_103745_064.png",
    "calib_shots_NDI\\calib_20250829_103746_065.png",
    "calib_shots_NDI\\calib_20250829_103747_066.png",
    "calib_shots_NDI\\calib_20250829_103748_067.png",
    "calib_shots_NDI\\calib_20250829_103749_068.png",
    "calib_shots_NDI\\calib_20250829_103750_069.png",
    "calib_shots_NDI\\calib_20250829_103752_070.png",
    "calib_shots_NDI\\calib_20250829_103753_071.png",
    "calib_shots_NDI\\calib_20250829_103754_072.png",
    "calib_shots_NDI\\calib_20250829_103755_073.png",
    "calib_shots_NDI\\calib_20250829_103756_074.png",
    "calib_shots_NDI\\calib_20250829_103757_075.png",
    "calib_shots_NDI\\calib_20250829_103758_076.png",
    "calib_shots_NDI\\calib_20250829_103759_077.png",
    "calib_shots_NDI\\calib_20250829_103801_078.png",
    "calib_shots_NDI\\calib_20250829_103802_079.png"
  ],
  "flipped_during_capture": false,
  "per_image_error": [
    0.09069337583641465,
    0.04344263319791439,
    0.058103150429789335,
    0.050712082278186486,
    0.043076039750522516,
    0.035091573537365056,
    0.03902378455251711,
    0.027319631877012546,
    0.03203699191636254,
    0.024267885732588073,
    0.022739146081268907,
    0.0227739054072175,
    0.021036540097042474,
    0.03505538674060565,
    0.03083844620747404,
    0.024683322046413506,
    0.021838573987779053,
    0.020812274868429355,
    0.02516975261988051,
    0.020190734225457918,
    0.018260611784177355,
    0.021425127025516185,
    0.021503236563673308,
    0.023960704692588805,
    0.02562470981621293,
    0.025996605819660346,
    0.03441974974582267,
    0.0220246288381065,
    0.017770470687730442,
    0.019999950856116964,
    0.020909263399199955,
    0.014931249022936214,
    0.013716093301838454,
    0.016321353725455724,
    0.014619064985258105,
    0.015021378551745772,
    0.014219104930313127,
    0.01610616803904422,
    0.01451774129133349,
    0.012958673720831317,
    0.014940388858871613,
    0.02172873007564944,
    0.011754507462452162,
    0.013824889770833498,
    0.016254733983749485,
    0.021405368644277962,
    0.018963036324999554,
    0.020375151227595905,
    0.015748854058871362,
    0.0277496457453859,
    0.02143710977219544,
    0.021689125967967262,
    0.01650838179914781,
    0.02120736967375058,
    0.020644681357922006,
    0.020437891324533705,
    0.018102826175728066,
    0.016374421593490552,
    0.01995581797844241,
    0.01718402760530054,
    0.01854823786930156,
    0.01433571301213619,
    0.014002651906857344,
    0.01780189054395777,
    0.01987366943519373,
    0.021483982045259857,
    0.019689714867059303,
    0.02317147081612551,
    0.01848525859583595,
    0.019054157439081423,
    0.018822941301896334,
    0.01801877819521225,
    0.014655200602898544,
    0.01854560371930431,
    0.018396638307975218,
    0.017131718468500274,
    0.018687559149069017,
    0.0195747942373416,
    0.30756140394255316,
    0.024545122590535297
  ]
}