{
  "image_size": [
    1920,
    1080
  ],
  "K": [
    [
      1280.1235057575168,
      0.0,
      956.676634173517
    ],
    [
      0.0,
      1261.9003967926767,
      501.6463473156491
    ],
    [
      0.0,
      0.0,
      1.0
    ]
  ],
  "dist": [
    -5.358709196047616,
    9.499627699891162,
    -0.007061073018496707,
    -0.003302497812319392,
    -4.4425667703319895,
    -5.318957399605958,
    9.318937669546587,
    -4.19751824529833,
    0.0,
    0.0,
    0.0,
    0.0,
    0.0,
    0.0
  ],
  "rms_reproj_error": 1.2127061013728913,
  "square_size_cm": 2.5,
  "checkerboard": [
    9,
    5
  ],
  "samples": [
    "calib_bottom_cam_rerun\\calib_20250826_132620_000.png",
    "calib_bottom_cam_rerun\\calib_20250826_132622_001.png",
    "calib_bottom_cam_rerun\\calib_20250826_132623_002.png",
    "calib_bottom_cam_rerun\\calib_20250826_132624_003.png",
    "calib_bottom_cam_rerun\\calib_20250826_132626_004.png",
    "calib_bottom_cam_rerun\\calib_20250826_132627_005.png",
    "calib_bottom_cam_rerun\\calib_20250826_132628_006.png",
    "calib_bottom_cam_rerun\\calib_20250826_132629_007.png",
    "calib_bottom_cam_rerun\\calib_20250826_132630_008.png",
    "calib_bottom_cam_rerun\\calib_20250826_132631_009.png",
    "calib_bottom_cam_rerun\\calib_20250826_132632_010.png",
    "calib_bottom_cam_rerun\\calib_20250826_132633_011.png",
    "calib_bottom_cam_rerun\\calib_20250826_132634_012.png",
    "calib_bottom_cam_rerun\\calib_20250826_132635_013.png",
    "calib_bottom_cam_rerun\\calib_20250826_132637_014.png",
    "calib_bottom_cam_rerun\\calib_20250826_132639_016.png",
    "calib_bottom_cam_rerun\\calib_20250826_132641_018.png",
    "calib_bottom_cam_rerun\\calib_20250826_132642_019.png",
    "calib_bottom_cam_rerun\\calib_20250826_132644_021.png",
    "calib_bottom_cam_rerun\\calib_20250826_132645_022.png",
    "calib_bottom_cam_rerun\\calib_20250826_132647_023.png",
    "calib_bottom_cam_rerun\\calib_20250826_132648_024.png",
    "calib_bottom_cam_rerun\\calib_20250826_132703_028.png",
    "calib_bottom_cam_rerun\\calib_20250826_132704_029.png",
    "calib_bottom_cam_rerun\\calib_20250826_132705_030.png",
    "calib_bottom_cam_rerun\\calib_20250826_132707_031.png",
    "calib_bottom_cam_rerun\\calib_20250826_132708_032.png",
    "calib_bottom_cam_rerun\\calib_20250826_132710_034.png",
    "calib_bottom_cam_rerun\\calib_20250826_132720_038.png",
    "calib_bottom_cam_rerun\\calib_20250826_132721_039.png"
  ],
  "flipped_during_capture": true,
  "per_image_error": [
    0.20779557747985425,
    0.1990413066774041,
    0.18570414708243083,
    0.20417907090734772,
    0.2336090047706444,
    0.17354284379708587,
    0.17201801014251017,
    0.13422990988413577,
    0.18053611396999203,
    0.19697220704651056,
    0.2021628203195023,
    0.15204326789201897,
    0.13695019853467208,
    0.12659051244570982,
    0.13148434183099894,
    0.18612054752389515,
    0.18066726474243747,
    0.23350062991870382,
    0.22935887548801806,
    0.20838246703721047,
    0.20079764133951536,
    0.22011054099264588,
    0.14294921104077085,
    0.13952831844035354,
    0.1454142919834752,
    0.14379550541485062,
    0.18413232282938202,
    0.2414163721743905,
    0.10006949483754152,
    0.10580171358277887
  ]
}