{
  "image_size": [
    1920,
    1080
  ],
  "K": [
    [
      4440.940509270652,
      0.0,
      972.494335297726
    ],
    [
      0.0,
      4454.464781945833,
      541.7716216267047
    ],
    [
      0.0,
      0.0,
      1.0
    ]
  ],
  "dist": [
    -2.5618107680227564,
    27.42067616392165,
    0.022067198721570754,
    0.06544231384297233,
    -87.90677637338035,
    2.938790149810864,
    -31.706607755547914,
    313.95159190433424,
    0.0,
    0.0,
    0.0,
    0.0,
    0.0,
    0.0
  ],
  "rms_reproj_error": 0.5055414532763336,
  "square_size_cm": 3.5,
  "checkerboard": [
    10,
    6
  ],
  "samples": [
    "calib_shots_NDI\\calib_20250829_103644_008.png",
    "calib_shots_NDI\\calib_20250829_103645_009.png",
    "calib_shots_NDI\\calib_20250829_103646_010.png",
    "calib_shots_NDI\\calib_20250829_103647_011.png",
    "calib_shots_NDI\\calib_20250829_103648_012.png",
    "calib_shots_NDI\\calib_20250829_103649_013.png",
    "calib_shots_NDI\\calib_20250829_103650_014.png",
    "calib_shots_NDI\\calib_20250829_103651_015.png",
    "calib_shots_NDI\\calib_20250829_103652_016.png",
    "calib_shots_NDI\\calib_20250829_103654_017.png",
    "calib_shots_NDI\\calib_20250829_103655_018.png",
    "calib_shots_NDI\\calib_20250829_103656_019.png",
    "calib_shots_NDI\\calib_20250829_103657_020.png",
    "calib_shots_NDI\\calib_20250829_103658_021.png",
    "calib_shots_NDI\\calib_20250829_103659_022.png",
    "calib_shots_NDI\\calib_20250829_103700_023.png",
    "calib_shots_NDI\\calib_20250829_103701_024.png",
    "calib_shots_NDI\\calib_20250829_103703_025.png",
    "calib_shots_NDI\\calib_20250829_103705_027.png",
    "calib_shots_NDI\\calib_20250829_103706_028.png",
    "calib_shots_NDI\\calib_20250829_103707_029.png",
    "calib_shots_NDI\\calib_20250829_103708_030.png",
    "calib_shots_NDI\\calib_20250829_103710_031.png",
    "calib_shots_NDI\\calib_20250829_103711_032.png",
    "calib_shots_NDI\\calib_20250829_103712_033.png",
    "calib_shots_NDI\\calib_20250829_103713_034.png",
    "calib_shots_NDI\\calib_20250829_103714_035.png",
    "calib_shots_NDI\\calib_20250829_103715_036.png",
    "calib_shots_NDI\\calib_20250829_103716_037.png",
    "calib_shots_NDI\\calib_20250829_103718_038.png",
    "calib_shots_NDI\\calib_20250829_103719_039.png",
    "calib_shots_NDI\\calib_20250829_103720_040.png",
    "calib_shots_NDI\\calib_20250829_103721_041.png",
    "calib_shots_NDI\\calib_20250829_103722_042.png",
    "calib_shots_NDI\\calib_20250829_103723_043.png",
    "calib_shots_NDI\\calib_20250829_103724_044.png",
    "calib_shots_NDI\\calib_20250829_103725_045.png",
    "calib_shots_NDI\\calib_20250829_103726_046.png",
    "calib_shots_NDI\\calib_20250829_103727_047.png",
    "calib_shots_NDI\\calib_20250829_103728_048.png",
    "calib_shots_NDI\\calib_20250829_103729_049.png",
    "calib_shots_NDI\\calib_20250829_103730_050.png",
    "calib_shots_NDI\\calib_20250829_103731_051.png",
    "calib_shots_NDI\\calib_20250829_103732_052.png",
    "calib_shots_NDI\\calib_20250829_103733_053.png",
    "calib_shots_NDI\\calib_20250829_103735_054.png",
    "calib_shots_NDI\\calib_20250829_103736_055.png",
    "calib_shots_NDI\\calib_20250829_103737_056.png",
    "calib_shots_NDI\\calib_20250829_103738_057.png",
    "calib_shots_NDI\\calib_20250829_103739_058.png",
    "calib_shots_NDI\\calib_20250829_103740_059.png",
    "calib_shots_NDI\\calib_20250829_103741_060.png",
    "calib_shots_NDI\\calib_20250829_103742_061.png",
    "calib_shots_NDI\\calib_20250829_103743_062.png",
    "calib_shots_NDI\\calib_20250829_103744_063.png",
    "calib_shots_NDI\\calib_20250829_103745_064.png",
    "calib_shots_NDI\\calib_20250829_103746_065.png",
    "calib_shots_NDI\\calib_20250829_103747_066.png",
    "calib_shots_NDI\\calib_20250829_103748_067.png",
    "calib_shots_NDI\\calib_20250829_103749_068.png",
    "calib_shots_NDI\\calib_20250829_103750_069.png",
    "calib_shots_NDI\\calib_20250829_103752_070.png",
    "calib_shots_NDI\\calib_20250829_103753_071.png",
    "calib_shots_NDI\\calib_20250829_103754_072.png",
    "calib_shots_NDI\\calib_20250829_103755_073.png",
    "calib_shots_NDI\\calib_20250829_103756_074.png",
    "calib_shots_NDI\\calib_20250829_103757_075.png",
    "calib_shots_NDI\\calib_20250829_103758_076.png",
    "calib_shots_NDI\\calib_20250829_103759_077.png",
    "calib_shots_NDI\\calib_20250829_103802_079.png"
  ],
  "flipped_during_capture": false,
  "per_image_error": [
    0.088542242223608,
    0.07232665683694467,
    0.04916723880489233,
    0.04687191396175348,
    0.03745936067348312,
    0.03769542000782141,
    0.07500772361058707,
    0.09629997488625808,
    0.10011013160023256,
    0.07915327808296581,
    0.037526248777275964,
    0.08882893903355668,
    0.026921039337590418,
    0.02417956039637189,
    0.05193753705275715,
    0.12372017950879986,
    0.17496701399357534,
    0.12945555794013575,
    0.09551942381099233,
    0.10809147729136116,
    0.04290935989212066,
    0.0509142781138954,
    0.02677716918660873,
    0.04258288445044346,
    0.05755683969757194,
    0.05624885843989169,
    0.039410615232203475,
    0.02981657443535063,
    0.042292711544346995,
    0.05266909468375379,
    0.05769861480242875,
    0.061191142363347426,
    0.09194986761874638,
    0.031535321484100334,
    0.08031081171122831,
    0.058906723841493626,
    0.039633656316264435,
    0.0496612370148868,
    0.04208598571594638,
    0.03971909496234542,
    0.04323678839653088,
    0.0830970426759368,
    0.04126904986645341,
    0.03854589553188306,
    0.048925772895566925,
    0.057282899310811666,
    0.11334839134222467,
    0.03866907008498413,
    0.04911637537401652,
    0.03440052026856597,
    0.054556205266955274,
    0.06126251123314281,
    0.057035962108746535,
    0.03913108704031361,
    0.03607186240784867,
    0.028474009326329614,
    0.038079784384395556,
    0.045045752582402177,
    0.04857675244932131,
    0.05443928301695194,
    0.06466528516551143,
    0.03143943607546428,
    0.0368558785214861,
    0.0548825042944817,
    0.05628907807000506,
    0.06328380434781065,
    0.06017167468021594,
    0.06670310470643434,
    0.07482063678682967,
    0.08376826983852768
  ]
}