{
  "image_size": [
    1920,
    1080
  ],
  "K": [
    [
      1270.1867807356648,
      0.0,
      907.7699528443791
    ],
    [
      0.0,
      1267.1427470063618,
      391.92214454912926
    ],
    [
      0.0,
      0.0,
      1.0
    ]
  ],
  "dist": [
    -9.306282557277422,
    60.38813556905257,
    -0.02694769141533951,
    -0.01158665093861913,
    -43.05156579389057,
    -9.30439749643389,
    60.435891316574526,
    -41.595600234117256,
    0.0,
    0.0,
    0.0,
    0.0,
    0.0,
    0.0
  ],
  "rms_reproj_error": 1.8329432749455585,
  "square_size_cm": 2.5,
  "checkerboard": [
    9,
    5
  ],
  "samples": [
    "calib_shots\\calib_20250826_105015_000.png",
    "calib_shots\\calib_20250826_105020_001.png",
    "calib_shots\\calib_20250826_105021_002.png",
    "calib_shots\\calib_20250826_105023_003.png",
    "calib_shots\\calib_20250826_105024_004.png",
    "calib_shots\\calib_20250826_105025_005.png",
    "calib_shots\\calib_20250826_105026_006.png",
    "calib_shots\\calib_20250826_105027_007.png",
    "calib_shots\\calib_20250826_105028_008.png",
    "calib_shots\\calib_20250826_105029_009.png",
    "calib_shots\\calib_20250826_105031_010.png",
    "calib_shots\\calib_20250826_105032_011.png",
    "calib_shots\\calib_20250826_105033_012.png",
    "calib_shots\\calib_20250826_105034_013.png",
    "calib_shots\\calib_20250826_105035_014.png",
    "calib_shots\\calib_20250826_105036_015.png",
    "calib_shots\\calib_20250826_105037_016.png",
    "calib_shots\\calib_20250826_105038_017.png",
    "calib_shots\\calib_20250826_105041_018.png",
    "calib_shots\\calib_20250826_105042_019.png",
    "calib_shots\\calib_20250826_105043_020.png",
    "calib_shots\\calib_20250826_105044_021.png",
    "calib_shots\\calib_20250826_105045_022.png",
    "calib_shots\\calib_20250826_105046_023.png",
    "calib_shots\\calib_20250826_105047_024.png",
    "calib_shots\\calib_20250826_105048_025.png",
    "calib_shots\\calib_20250826_105049_026.png",
    "calib_shots\\calib_20250826_105051_027.png",
    "calib_shots\\calib_20250826_105052_028.png",
    "calib_shots\\calib_20250826_105053_029.png",
    "calib_shots\\calib_20250826_105054_030.png",
    "calib_shots\\calib_20250826_105055_031.png",
    "calib_shots\\calib_20250826_105056_032.png",
    "calib_shots\\calib_20250826_105057_033.png",
    "calib_shots\\calib_20250826_105058_034.png",
    "calib_shots\\calib_20250826_105059_035.png",
    "calib_shots\\calib_20250826_105101_036.png"
  ],
  "flipped_during_capture": false
}