{
  "image_size": [
    1920,
    1080
  ],
  "K": [
    [
      1612.0422996379257,
      0.0,
      954.9278764142796
    ],
    [
      0.0,
      1979.6051186387158,
      544.2507126986378
    ],
    [
      0.0,
      0.0,
      1.0
    ]
  ],
  "dist": [
    0.14706713265035995,
    0.05784260598430093,
    0.04754377396838171,
    0.0002477970756158158,
    -1.344152716059701
  ],
  "rms_reproj_error": 2.5283333635422864,
  "square_size_cm": 2.5,
  "checkerboard": [
    9,
    5
  ],
  "samples": [
    "calib_shots\\calib_20250825_153445_000.png",
    "calib_shots\\calib_20250825_153451_001.png",
    "calib_shots\\calib_20250825_153452_002.png",
    "calib_shots\\calib_20250825_153455_003.png",
    "calib_shots\\calib_20250825_153456_004.png",
    "calib_shots\\calib_20250825_153458_005.png",
    "calib_shots\\calib_20250825_153510_006.png",
    "calib_shots\\calib_20250825_153511_007.png",
    "calib_shots\\calib_20250825_153512_008.png",
    "calib_shots\\calib_20250825_153513_009.png",
    "calib_shots\\calib_20250825_153514_010.png",
    "calib_shots\\calib_20250825_153515_011.png",
    "calib_shots\\calib_20250825_153516_012.png",
    "calib_shots\\calib_20250825_153517_013.png",
    "calib_shots\\calib_20250825_153518_014.png",
    "calib_shots\\calib_20250825_153519_015.png",
    "calib_shots\\calib_20250825_153520_016.png",
    "calib_shots\\calib_20250825_153521_017.png",
    "calib_shots\\calib_20250825_153522_018.png",
    "calib_shots\\calib_20250825_153524_019.png",
    "calib_shots\\calib_20250825_153525_020.png",
    "calib_shots\\calib_20250825_153526_021.png",
    "calib_shots\\calib_20250825_153527_022.png",
    "calib_shots\\calib_20250825_153528_023.png",
    "calib_shots\\calib_20250825_153529_024.png",
    "calib_shots\\calib_20250825_153531_025.png",
    "calib_shots\\calib_20250825_153532_026.png",
    "calib_shots\\calib_20250825_153533_027.png",
    "calib_shots\\calib_20250825_153534_028.png",
    "calib_shots\\calib_20250825_153535_029.png",
    "calib_shots\\calib_20250825_153536_030.png",
    "calib_shots\\calib_20250825_153537_031.png",
    "calib_shots\\calib_20250825_153538_032.png",
    "calib_shots\\calib_20250825_153539_033.png",
    "calib_shots\\calib_20250825_153540_034.png",
    "calib_shots\\calib_20250825_153541_035.png",
    "calib_shots\\calib_20250825_153542_036.png",
    "calib_shots\\calib_20250825_153543_037.png",
    "calib_shots\\calib_20250825_153544_038.png",
    "calib_shots\\calib_20250825_153545_039.png",
    "calib_shots\\calib_20250825_153546_040.png",
    "calib_shots\\calib_20250825_153547_041.png",
    "calib_shots\\calib_20250825_153548_042.png",
    "calib_shots\\calib_20250825_153549_043.png",
    "calib_shots\\calib_20250825_153550_044.png",
    "calib_shots\\calib_20250825_153559_045.png",
    "calib_shots\\calib_20250825_153600_046.png",
    "calib_shots\\calib_20250825_153601_047.png",
    "calib_shots\\calib_20250825_153602_048.png",
    "calib_shots\\calib_20250825_153603_049.png"
  ],
  "flipped_during_capture": true
}