{
  "image_size": [
    1920,
    1080
  ],
  "K": [
    [
      1065.3205808939485,
      0.0,
      974.6151138723019
    ],
    [
      0.0,
      1056.6090432228793,
      679.1573320664961
    ],
    [
      0.0,
      0.0,
      1.0
    ]
  ],
  "dist": [
    7.427269647552244,
    -5.839463180989988,
    0.014176864199529857,
    0.0017111600511618614,
    2.4296044276454944,
    7.42219010726822,
    -5.217611190350737,
    2.3561111277723583,
    0.0,
    0.0,
    0.0,
    0.0,
    0.0,
    0.0
  ],
  "rms_reproj_error": 0.8712414110412698,
  "square_size_cm": 2.5,
  "checkerboard": [
    9,
    5
  ],
  "samples": [
    "calib_shots_cam1\\calib_20250826_121509_001.png",
    "calib_shots_cam1\\calib_20250826_121510_002.png",
    "calib_shots_cam1\\calib_20250826_121511_003.png",
    "calib_shots_cam1\\calib_20250826_121512_004.png",
    "calib_shots_cam1\\calib_20250826_121513_005.png",
    "calib_shots_cam1\\calib_20250826_121514_006.png",
    "calib_shots_cam1\\calib_20250826_121515_007.png",
    "calib_shots_cam1\\calib_20250826_121516_008.png",
    "calib_shots_cam1\\calib_20250826_121517_009.png",
    "calib_shots_cam1\\calib_20250826_121518_010.png",
    "calib_shots_cam1\\calib_20250826_121519_011.png",
    "calib_shots_cam1\\calib_20250826_121520_012.png",
    "calib_shots_cam1\\calib_20250826_121521_013.png",
    "calib_shots_cam1\\calib_20250826_121522_014.png",
    "calib_shots_cam1\\calib_20250826_121523_015.png",
    "calib_shots_cam1\\calib_20250826_121524_016.png",
    "calib_shots_cam1\\calib_20250826_121525_017.png",
    "calib_shots_cam1\\calib_20250826_121526_018.png",
    "calib_shots_cam1\\calib_20250826_121527_019.png",
    "calib_shots_cam1\\calib_20250826_121528_020.png",
    "calib_shots_cam1\\calib_20250826_121529_021.png",
    "calib_shots_cam1\\calib_20250826_121530_022.png",
    "calib_shots_cam1\\calib_20250826_121531_023.png",
    "calib_shots_cam1\\calib_20250826_121532_024.png",
    "calib_shots_cam1\\calib_20250826_121535_027.png",
    "calib_shots_cam1\\calib_20250826_121536_028.png",
    "calib_shots_cam1\\calib_20250826_121537_029.png",
    "calib_shots_cam1\\calib_20250826_121538_030.png",
    "calib_shots_cam1\\calib_20250826_121540_032.png",
    "calib_shots_cam1\\calib_20250826_121541_033.png",
    "calib_shots_cam1\\calib_20250826_121542_034.png",
    "calib_shots_cam1\\calib_20250826_121544_035.png",
    "calib_shots_cam1\\calib_20250826_121545_036.png",
    "calib_shots_cam1\\calib_20250826_121546_037.png",
    "calib_shots_cam1\\calib_20250826_121550_041.png",
    "calib_shots_cam1\\calib_20250826_121551_042.png",
    "calib_shots_cam1\\calib_20250826_121552_043.png",
    "calib_shots_cam1\\calib_20250826_121553_044.png",
    "calib_shots_cam1\\calib_20250826_121554_045.png",
    "calib_shots_cam1\\calib_20250826_121557_048.png",
    "calib_shots_cam1\\calib_20250826_121558_049.png",
    "calib_shots_cam1\\calib_20250826_121559_050.png",
    "calib_shots_cam1\\calib_20250826_121600_051.png",
    "calib_shots_cam1\\calib_20250826_121601_052.png",
    "calib_shots_cam1\\calib_20250826_121602_053.png",
    "calib_shots_cam1\\calib_20250826_121603_054.png",
    "calib_shots_cam1\\calib_20250826_121604_055.png",
    "calib_shots_cam1\\calib_20250826_121605_056.png",
    "calib_shots_cam1\\calib_20250826_121606_057.png",
    "calib_shots_cam1\\calib_20250826_121607_058.png",
    "calib_shots_cam1\\calib_20250826_121608_059.png",
    "calib_shots_cam1\\calib_20250826_121609_060.png",
    "calib_shots_cam1\\calib_20250826_121610_061.png"
  ],
  "flipped_during_capture": false,
  "per_image_error": [
    0.14513888858151777,
    0.1581828100795247,
    0.1100641074576457,
    0.10612715513776405,
    0.09796568594768706,
    0.09308222788571062,
    0.08581838532323643,
    0.0840277207127422,
    0.07559868407575972,
    0.07450862100551327,
    0.07195455383975749,
    0.07050353666363811,
    0.09171772990699556,
    0.08783542687265002,
    0.0893147616864723,
    0.0952513344454167,
    0.11019874210185043,
    0.17188963860014667,
    0.11205882020919693,
    0.11155138375530255,
    0.11120341597812562,
    0.1275522348832741,
    0.15210214514368858,
    0.18530667980676457,
    0.12844895058288833,
    0.11295920891378917,
    0.15640405969181673,
    0.11379913504704205,
    0.18200446903118603,
    0.16373984557261284,
    0.1379964838756037,
    0.15845927194190987,
    0.17235238106930037,
    0.18123384349296107,
    0.1455209896927033,
    0.18653478923537975,
    0.1727547538585901,
    0.1760190370076374,
    0.18019488095965375,
    0.1416509061336084,
    0.10389915312118524,
    0.10931385776890477,
    0.09813117299134985,
    0.05898336961784658,
    0.16553880781097746,
    0.10707177808955941,
    0.09687035495457195,
    0.1015176227617532,
    0.14330140218899215,
    0.18375431149202007,
    0.12767002255278267,
    0.0681252749836408,
    0.1102976867065535
  ]
}