{
  "image_size": [
    1920,
    1080
  ],
  "K": [
    [
      1259.332320219149,
      0.0,
      893.2264593890613
    ],
    [
      0.0,
      1243.5082709094038,
      479.92785300116725
    ],
    [
      0.0,
      0.0,
      1.0
    ]
  ],
  "dist": [
    -4.219269414063551,
    7.961184275432324,
    -0.011732941354756799,
    -0.004881186284339638,
    -2.5140287799151513,
    -4.184266486595272,
    7.838700368903628,
    -2.2716369008164428,
    0.0,
    0.0,
    0.0,
    0.0,
    0.0,
    0.0
  ],
  "rms_reproj_error": 0.9461772074185306,
  "square_size_cm": 2.5,
  "checkerboard": [
    9,
    5
  ],
  "samples": [
    "calib_top_cam_rerun\\calib_20250826_132258_001.png",
    "calib_top_cam_rerun\\calib_20250826_132301_004.png",
    "calib_top_cam_rerun\\calib_20250826_132302_005.png",
    "calib_top_cam_rerun\\calib_20250826_132304_007.png",
    "calib_top_cam_rerun\\calib_20250826_132306_008.png",
    "calib_top_cam_rerun\\calib_20250826_132307_009.png",
    "calib_top_cam_rerun\\calib_20250826_132309_010.png",
    "calib_top_cam_rerun\\calib_20250826_132310_011.png",
    "calib_top_cam_rerun\\calib_20250826_132311_012.png",
    "calib_top_cam_rerun\\calib_20250826_132313_014.png",
    "calib_top_cam_rerun\\calib_20250826_132314_015.png",
    "calib_top_cam_rerun\\calib_20250826_132315_016.png",
    "calib_top_cam_rerun\\calib_20250826_132316_017.png",
    "calib_top_cam_rerun\\calib_20250826_132317_018.png",
    "calib_top_cam_rerun\\calib_20250826_132318_019.png",
    "calib_top_cam_rerun\\calib_20250826_132319_020.png",
    "calib_top_cam_rerun\\calib_20250826_132320_021.png",
    "calib_top_cam_rerun\\calib_20250826_132321_022.png",
    "calib_top_cam_rerun\\calib_20250826_132323_023.png",
    "calib_top_cam_rerun\\calib_20250826_132324_024.png",
    "calib_top_cam_rerun\\calib_20250826_132325_025.png",
    "calib_top_cam_rerun\\calib_20250826_132326_026.png",
    "calib_top_cam_rerun\\calib_20250826_132327_027.png",
    "calib_top_cam_rerun\\calib_20250826_132328_028.png",
    "calib_top_cam_rerun\\calib_20250826_132329_029.png",
    "calib_top_cam_rerun\\calib_20250826_132330_030.png",
    "calib_top_cam_rerun\\calib_20250826_132331_031.png",
    "calib_top_cam_rerun\\calib_20250826_132332_032.png",
    "calib_top_cam_rerun\\calib_20250826_132333_033.png",
    "calib_top_cam_rerun\\calib_20250826_132334_034.png"
  ],
  "flipped_during_capture": false,
  "per_image_error": [
    0.15819724440346974,
    0.18201727245144608,
    0.1593191806581136,
    0.1575649403676681,
    0.15804371771160108,
    0.1486671872413909,
    0.1558664336676211,
    0.1556508618627967,
    0.16206484167676566,
    0.14523625943768503,
    0.1252682530807017,
    0.14950630397877884,
    0.1450827887958713,
    0.12639589357236977,
    0.13152828733712968,
    0.13941098281640898,
    0.10776494804667638,
    0.11747335669223614,
    0.12588807361920193,
    0.13079506261638751,
    0.14206266898558528,
    0.14736566103984297,
    0.14177675160835973,
    0.1090793780811765,
    0.10667179568394823,
    0.10065207533401314,
    0.10877650131102631,
    0.12106142128289764,
    0.13692609885543702,
    0.18625669840000822
  ]
}