{
  "image_size": [
    640,
    480
  ],
  "K": [
    [
      300.0961416755149,
      0.0,
      290.166210854756
    ],
    [
      0.0,
      298.76922834285153,
      203.2680399378139
    ],
    [
      0.0,
      0.0,
      1.0
    ]
  ],
  "dist": [
    -0.0448513007115319,
    0.15582017975835827,
    0.020355243096867762,
    -0.026345562572702503,
    -0.10354261393619754
  ],
  "rms_reproj_error": 4.089245174675909,
  "square_size_cm": 2.5,
  "checkerboard": [
    9,
    5
  ]
}