{
  "image_size": [
    640,
    480
  ],
  "K": [
    [
      480.70724146223546,
      0.0,
      319.1673513254506
    ],
    [
      0.0,
      476.8638939981937,
      239.71312117762494
    ],
    [
      0.0,
      0.0,
      1.0
    ]
  ],
  "dist": [
    -0.47943415633994274,
    2.1902755996099557,
    0.0009868071456268594,
    0.025437460163343306,
    -3.2499446236578793
  ],
  "rms_reproj_error": 4.448064150179144,
  "square_size_cm": 2.5,
  "checkerboard": [
    9,
    5
  ]
}