{
  "image_size": [
    640,
    480
  ],
  "K": [
    [
      544.7478598202194,
      0.0,
      349.3882336842403
    ],
    [
      0.0,
      543.2318024762674,
      292.9339152210808
    ],
    [
      0.0,
      0.0,
      1.0
    ]
  ],
  "dist": [
    0.009544819649743042,
    -1.235345745037618,
    -0.005349820490837218,
    0.01123039581651034,
    2.7205785352665903
  ],
  "rms_reproj_error": 4.321537130513469,
  "square_size_cm": 2.5,
  "checkerboard": [
    9,
    5
  ]
}